"Group","n","SEA","SEAc","Lower 95 CI","Upper 95 CI","Probability","Proportion Overlap"
"Quaternary.Sylvilagus","42","2.77092894873446","2.84020217245282","2.02261553584455","3.72470824830216","0.9875",0.812478562002537
"Quaternary.Otospermophilus","27","4.68962385062382","4.87720880464877","3.02511634095637","6.84518764340863","NaN",0.473140164651414
"Pleistocene.Sylvilagus","40","1.89189743029325","1.94168420477465","1.33588666314853","2.58821249733307","0.97875",0.734395145391732
"Pleistocene.Otospermophilus","24","3.15579698485941","3.29924230235302","1.99850044267241","4.57992898847401","NaN",0.432209375120466
"AllTaxa.Pleistocene","64","3.08036458275753","3.13004788247943","2.37106541871377","3.90218378887689","0.993",0.572324448704498
"AllTaxa.Holocene","5","6.9731849169638","9.29757988928507","2.55203897177595","19.5926334303318","NaN",0.192674109831878
"AllTaxa.Quaternary","69","4.20768034146478","4.27048154059112","3.26486355160494","5.288424878164","0.96225",NA
