"Group","n","SEA","SEAc","Lower 95 CI","Upper 95 CI","Probability","Proportion Overlap"
"Quaternary.Sylvilagus","42","2.78290888556111","2.85248160770014","1.99673744427482","3.67860287241252","0.98675",0.808060775492868
"Quaternary.Otospermophilus","27","4.71041543855615","4.8988320560984","3.16235741614269","6.83497100298607","NaN",0.470515925755885
"Pleistocene.Sylvilagus","40","1.9092959765367","1.95954060749819","1.36337926925636","2.57111174445943","0.98175",0.734951291087125
"Pleistocene.Otospermophilus","24","3.21963437403444","3.36598139103601","2.05103567179185","4.75989170146351","NaN",0.427859435959387
"AllTaxa.Pleistocene","64","3.12938113466731","3.17985502393614","2.43379125407297","3.98596941877686","0.9905",0.574296331149273
"AllTaxa.Holocene","5","6.9731849169638","9.29757988928507","2.43676163367807","20.3121162099016","NaN",0.19641445360831
"AllTaxa.Quaternary","69","4.24066348004588","4.30395696482269","3.29074120673013","5.37093509482365","0.9585",NA
