"Group","n","SEA","SEAc","Lower 95 CI","Upper 95 CI","Probability","Proportion Overlap"
"Quaternary.Sylvilagus","42","2.78290888556111","2.85248160770014","2.01556882985003","3.72472998554073","0.9825",0.808060775492868
"Quaternary.Otospermophilus","27","4.71041543855615","4.8988320560984","3.08401384383685","6.8220137036015","NaN",0.470515925755885
"Pleistocene.Sylvilagus","40","1.9092959765367","1.95954060749819","1.3672246309696","2.59979855110046","0.97825",0.734951291087069
"Pleistocene.Otospermophilus","24","3.21963437403444","3.36598139103601","2.08342128314862","4.76697813197107","NaN",0.427859435959387
"AllTaxa.Pleistocene","64","3.12938113466731","3.17985502393614","2.40930228816365","3.95788454649094","0.99125",0.574296331149273
"AllTaxa.Holocene","5","6.9731849169638","9.29757988928507","2.34422685486456","19.3132212421236","NaN",0.19641445360831
"AllTaxa.Quaternary","69","4.24066348004588","4.30395696482269","3.30890079750085","5.34136658569318","0.95825",NA
